{"auc": 0.591209352016449, "tn": 150468.0, "prc": 0.09779666364192963, "loss": 0.4760906398296356, "binary_accuracy": 0.9232425689697266, "fp": 6623.0, "precision": 0.20872162282466888, "recall": 0.22457899153232574, "fn": 6032.0, "tp": 1747.0}